<?xml version="1.0" encoding="UTF-8"?>
<beans xmlns="http://www.springframework.org/schema/beans"
	xmlns:xsi="http://www.w3.org/2001/XMLSchema-instance"
	xmlns:security="http://www.springframework.org/schema/security"
	xsi:schemaLocation="http://www.springframework.org/schema/security http://www.springframework.org/schema/security/spring-security.xsd
		http://www.springframework.org/schema/beans http://www.springframework.org/schema/beans/spring-beans.xsd">

	<bean id="bcryptPasswordEncoder" class="org.springframework.security.crypto.bcrypt.BCryptPasswordEncoder" />
	<bean id="customUserDetailsService" class="com.businessman.security.CustomUserDetailsService" />
	<security:http>
		<security:form-login login-page="/bmlogin" />
		<security:logout logout-url="/bmlogout" logout-success-url="/bmlogin" invalidate-session="true" delete-cookies="JSESSION_ID"/>
	</security:http>
	
	 <security:authentication-manager>
	    <security:authentication-provider user-service-ref="customUserDetailsService">
  			<security:password-encoder ref="bcryptPasswordEncoder"/>
		</security:authentication-provider>
	</security:authentication-manager> 
</beans>
