<?xml version="1.0" encoding="UTF-8"?>
<!DOCTYPE mapper
  PUBLIC "-//mybatis.org//DTD Mapper 3.0//EN"
  "http://mybatis.org/dtd/mybatis-3-mapper.dtd">
 <mapper namespace="com.businessman.mapper.MainMapper">

 	<select id="getList" resultType="com.businessman.domain.ListVO"> 

 	  <![CDATA[
 	  select 
 	     bno, nick, title, regdate 
 	  from board where rownum <=5 order by bno desc
	  ]]>

	</select>
	
	
	<select id="listbrand" resultType="com.businessman.domain.CategoryVO" parameterType="String"> 
 	  select * from brand where category=#{category}
	</select>
	
	<select id="infobrand" resultType="com.businessman.domain.InfoVO" parameterType="String"> 
		select bname, blogo, type , store
		from brand 
		where bname = #{bname}
	</select>
	
	<select id="infocost" resultType="com.businessman.domain.InfoVO" parameterType="String"> 
		select bname, kind, cost,note
		from cost 
		where bname = #{bname}
	</select>
	
 </mapper>